"phylum","subphylum","class","subclass","order","family","genus","species","infraclass","suborder","infraorder","sciName"
"Cnidaria","Anthozoa","Anthozoa","Hexacorallia","Actiniaria",NA,NA,NA,NA,NA,NA,"Actiniaria"
"Cnidaria","Medusozoa","Hydrozoa","Hydroidolina","Leptothecatae","Aequoreidae","Aequorea",NA,NA,NA,NA,"Aequorea"
"Mollusca",NA,"Gastropoda","Prosobranchia","Neogastropoda","Turridae","Aforia","Aforia circinata",NA,NA,NA,"Aforia circinata"
"Chordata","Vertebrata","Actinopterygii","Neopterygii","Scorpaeniformes","Agonidae",NA,NA,"Teleostei","Cottoidei",NA,"Agonidae"
"Cnidaria","Anthozoa","Anthozoa","Octocorallia","Alcyonacea",NA,NA,NA,NA,NA,NA,"Alcyonacea"
"Bryozoa",NA,"Gymnolaemata",NA,"Ctenostomata","Alcyonidiidae","Alcyonidium","Alcyonidium pedunculatum",NA,"Carnosa",NA,"Alcyonidium pedunculatum"
"Echinodermata","Echinozoa","Echinoidea","Euechinoidea","Echinoida","Strongylocentrotidae","Allocentrotus","Allocentrotus fragilis",NA,NA,NA,"Allocentrotus fragilis"
"Chordata","Vertebrata","Actinopterygii","Neopterygii","Perciformes","Ammodytidae","Ammodytes",NA,"Teleostei","Trachinoidei",NA,"Ammodytes"
"Chordata","Vertebrata","Actinopterygii","Neopterygii","Perciformes","Anarhichadidae","Anarhichas","Anarhichas orientalis","Teleostei","Zoarcoidei",NA,"Anarhichas orientalis"
"Chordata","Vertebrata","Actinopterygii","Neopterygii","Perciformes","Anarhichadidae","Anarrhichthys","Anarrhichthys ocellatus","Teleostei","Zoarcoidei",NA,"Anarrhichthys ocellatus"
"Chordata","Vertebrata","Actinopterygii","Neopterygii","Scorpaeniformes","Anoplopomatidae","Anoplopoma","Anoplopoma fimbria","Teleostei","Anoplopomatoidei",NA,"Anoplopoma fimbria"
"Annelida","Polychaeta","Errantia","Aciculata","Phyllodocida","Aphroditidae",NA,NA,NA,NA,NA,"Aphroditidae"
"Chordata","Urochordata","Ascidiacea",NA,"Enterogona","Polyclinidae","Aplidium",NA,NA,"Aplousobranchia",NA,"Aplidium"
"Chordata","Vertebrata","Actinopterygii","Neopterygii","Scorpaeniformes","Cyclopteridae","Aptocyclus","Aptocyclus ventricosus","Teleostei","Cottoidei",NA,"Aptocyclus ventricosus"
"Mollusca",NA,"Gastropoda","Prosobranchia","Neogastropoda","Volutidae","Arctomelon","Arctomelon stearnsii",NA,NA,NA,"Arctomelon stearnsii"
"Arthropoda","Crustacea","Malacostraca","Eumalacostraca","Decapoda","Crangonidae","Argis",NA,NA,"Pleocyemata","Caridea","Argis"
"Arthropoda","Crustacea","Malacostraca","Eumalacostraca","Decapoda","Crangonidae","Argis","Argis dentata",NA,"Pleocyemata","Caridea","Argis dentata"
"Chordata","Vertebrata","Actinopterygii","Neopterygii","Scorpaeniformes","Cottidae","Artedius","Artedius lateralis","Teleostei","Cottoidei",NA,"Artedius lateralis"
"Chordata","Urochordata","Ascidiacea",NA,NA,NA,NA,NA,NA,NA,NA,"Ascidiacea"
"Chordata","Vertebrata","Actinopterygii","Neopterygii","Scorpaeniformes","Agonidae","Aspidophoroides","Aspidophoroides bartoni","Teleostei","Cottoidei",NA,"Aspidophoroides bartoni"
"Echinodermata","Asterozoa","Asteroidea",NA,"Forcipulatida","Asteriidae","Asterias","Asterias amurensis",NA,NA,NA,"Asterias amurensis"
"Echinodermata","Asterozoa","Asteroidea",NA,NA,NA,NA,NA,NA,NA,NA,"Asteroidea"
NA,NA,NA,NA,NA,NA,NA,"Balanus evermanni",NA,NA,NA,"Balanus evermanni"
"Chordata","Vertebrata","Actinopterygii","Neopterygii","Scorpaeniformes","Agonidae","Bathyagonus",NA,"Teleostei","Cottoidei",NA,"Bathyagonus"
"Chordata","Vertebrata","Actinopterygii","Neopterygii","Scorpaeniformes","Agonidae","Bathyagonus","Bathyagonus infraspinatus","Teleostei","Cottoidei",NA,"Bathyagonus infraspinatus"
"Chordata","Vertebrata","Actinopterygii","Neopterygii","Scorpaeniformes","Agonidae","Bathyagonus","Bathyagonus nigripinnis","Teleostei","Cottoidei",NA,"Bathyagonus nigripinnis"
"Chordata","Vertebrata","Actinopterygii","Neopterygii","Perciformes","Bathymasteridae","Bathymaster","Bathymaster signatus","Teleostei","Zoarcoidei",NA,"Bathymaster signatus"
"Chordata","Vertebrata","Actinopterygii","Neopterygii","Perciformes","Bathymasteridae",NA,NA,"Teleostei","Zoarcoidei",NA,"Bathymasteridae"
"Echinodermata","Echinozoa","Holothuroidea","Aspidochirotacea","Aspidochirotida","Synallactidae","Bathyplotes",NA,NA,NA,NA,"Bathyplotes"
"Chordata","Vertebrata","Chondrichthyes","Elasmobranchii","Rajiformes","Arhynchobatidae","Bathyraja",NA,NA,NA,NA,"Bathyraja"
"Chordata","Vertebrata","Chondrichthyes","Elasmobranchii","Rajiformes","Arhynchobatidae","Bathyraja","Bathyraja aleutica",NA,NA,NA,"Bathyraja aleutica"
"Chordata","Vertebrata","Chondrichthyes","Elasmobranchii","Rajiformes","Arhynchobatidae","Bathyraja","Bathyraja interrupta",NA,NA,NA,"Bathyraja interrupta"
"Chordata","Vertebrata","Chondrichthyes","Elasmobranchii","Rajiformes","Arhynchobatidae","Bathyraja","Bathyraja parmifera",NA,NA,NA,"Bathyraja parmifera"
"Mollusca",NA,"Gastropoda","Prosobranchia","Neogastropoda","Buccinidae","Beringius","Beringius crebricostatus",NA,NA,NA,"Beringius crebricostatus"
"Mollusca",NA,"Gastropoda","Prosobranchia","Neogastropoda","Buccinidae","Beringius","Beringius kennicottii",NA,NA,NA,"Beringius kennicottii"
"Mollusca",NA,"Gastropoda","Prosobranchia","Neogastropoda","Buccinidae","Beringius","Beringius undatus",NA,NA,NA,"Beringius undatus"
"Mollusca",NA,"Cephalopoda","Coleoidea","Teuthida","Gonatidae","Berryteuthis","Berryteuthis magister",NA,"Oegopsina",NA,"Berryteuthis magister"
"Mollusca",NA,"Bivalvia",NA,NA,NA,NA,NA,NA,NA,NA,"Bivalvia"
"Chordata","Vertebrata","Actinopterygii","Neopterygii","Scorpaeniformes","Hemitripteridae","Blepsias","Blepsias bilobus","Teleostei","Cottoidei",NA,"Blepsias bilobus"
"Chordata","Urochordata","Ascidiacea",NA,"Pleurogona","Pyuridae","Boltenia",NA,NA,"Stolidobranchia",NA,"Boltenia"
"Chordata","Vertebrata","Actinopterygii","Neopterygii","Perciformes","Zoarcidae","Bothrocara","Bothrocara molle","Teleostei","Zoarcoidei",NA,"Bothrocara molle"
"Chordata","Vertebrata","Actinopterygii","Neopterygii","Perciformes","Zoarcidae","Bothrocara","Bothrocara pusillum","Teleostei","Zoarcoidei",NA,"Bothrocara pusillum"
"Brachiopoda",NA,NA,NA,NA,NA,NA,NA,NA,NA,NA,"Brachiopoda"
"Echinodermata","Echinozoa","Echinoidea","Euechinoidea","Spatangoida","Schizasteridae","Brisaster","Brisaster latifrons",NA,"Hemiasterina",NA,"Brisaster latifrons"
"Bryozoa",NA,NA,NA,NA,NA,NA,NA,NA,NA,NA,"Bryozoa"
"Chordata","Vertebrata","Actinopterygii","Neopterygii","Perciformes","Stichaeidae","Bryozoichthys",NA,"Teleostei","Zoarcoidei",NA,"Bryozoichthys"
"Mollusca",NA,"Gastropoda","Prosobranchia","Neogastropoda","Buccinidae","Buccinum",NA,NA,NA,NA,"Buccinum"
"Mollusca",NA,"Gastropoda","Prosobranchia","Neogastropoda","Buccinidae","Buccinum","Buccinum plectrum",NA,NA,NA,"Buccinum plectrum"
"Mollusca",NA,"Gastropoda","Prosobranchia","Neogastropoda","Buccinidae","Buccinum","Buccinum scalariforme",NA,NA,NA,"Buccinum scalariforme"
"Arthropoda","Crustacea","Malacostraca","Eumalacostraca","Decapoda","Cancridae","Cancer",NA,NA,"Pleocyemata","Brachyura","Cancer"
"Arthropoda","Crustacea","Malacostraca","Eumalacostraca","Decapoda","Cancridae","Cancer","Cancer magister",NA,"Pleocyemata","Brachyura","Cancer magister"
"Arthropoda","Crustacea","Malacostraca","Eumalacostraca","Decapoda","Cancridae","Cancer","Cancer oregonensis",NA,"Pleocyemata","Brachyura","Cancer oregonensis"
"Mollusca",NA,"Bivalvia","Heterodonta","Veneroida","Cardiidae",NA,NA,NA,NA,NA,"Cardiidae"
"Chordata","Vertebrata","Actinopterygii","Neopterygii","Scorpaeniformes","Liparidae","Careproctus","Careproctus phasma","Teleostei","Cottoidei",NA,"Careproctus phasma"
"Arthropoda","Crustacea","Malacostraca","Eumalacostraca","Decapoda",NA,NA,NA,NA,"Pleocyemata","Caridea","Caridea"
"Echinodermata","Asterozoa","Asteroidea",NA,"Valvatida","Goniasteridae","Ceramaster",NA,NA,NA,NA,"Ceramaster"
"Echinodermata","Asterozoa","Asteroidea",NA,"Valvatida","Goniasteridae","Ceramaster","Ceramaster arcticus",NA,NA,NA,"Ceramaster arcticus"
"Echinodermata","Asterozoa","Asteroidea",NA,"Valvatida","Goniasteridae","Ceramaster","Ceramaster japonicus",NA,NA,NA,"Ceramaster japonicus"
"Echinodermata","Asterozoa","Asteroidea",NA,"Valvatida","Goniasteridae","Ceramaster","Ceramaster patagonicus",NA,NA,NA,"Ceramaster patagonicus"
"Echinodermata","Asterozoa","Asteroidea",NA,"Notomyotida","Benthopectinidae","Cheiraster","Cheiraster dawsoni",NA,NA,NA,"Cheiraster dawsoni"
"Arthropoda","Crustacea","Malacostraca","Eumalacostraca","Decapoda","Oregoniidae","Chionoecetes","Chionoecetes bairdi",NA,"Pleocyemata","Brachyura","Chionoecetes bairdi"
"Arthropoda","Crustacea","Malacostraca","Eumalacostraca","Decapoda","Oregoniidae","Chionoecetes","Chionoecetes opilio",NA,"Pleocyemata","Brachyura","Chionoecetes opilio"
"Chordata","Vertebrata","Actinopterygii","Neopterygii","Scorpaeniformes","Cottidae","Chitonotus","Chitonotus pugetensis","Teleostei","Cottoidei",NA,"Chitonotus pugetensis"
"Mollusca",NA,"Bivalvia","Pteriomorphia","Ostreoida","Pectinidae","Chlamys",NA,NA,NA,NA,"Chlamys"
"Mollusca",NA,"Bivalvia","Pteriomorphia","Ostreoida","Pectinidae","Chlamys","Chlamys rubida",NA,NA,NA,"Chlamys rubida"
"Cnidaria","Medusozoa","Scyphozoa","Discomedusae","Semaeostomeae","Pelagiidae","Chrysaora","Chrysaora melanaster",NA,NA,NA,"Chrysaora melanaster"
NA,NA,NA,NA,NA,NA,NA,"Clupea pallasi",NA,NA,NA,"Clupea pallasi"
"Echinodermata","Echinozoa","Echinoidea","Euechinoidea","Clypeasteroida",NA,NA,NA,NA,NA,NA,"Clypeasteroida"
"Mollusca",NA,"Gastropoda","Prosobranchia","Neogastropoda","Buccinidae","Colus",NA,NA,NA,NA,"Colus"
NA,NA,NA,NA,NA,NA,NA,"Colus halli",NA,NA,NA,"Colus halli"
"Mollusca",NA,"Gastropoda","Prosobranchia","Neogastropoda","Buccinidae","Colus","Colus herendeenii",NA,NA,NA,"Colus herendeenii"
"Chordata","Vertebrata","Actinopterygii","Neopterygii","Scorpaeniformes","Cottidae",NA,NA,"Teleostei","Cottoidei",NA,"Cottidae"
"Arthropoda","Crustacea","Malacostraca","Eumalacostraca","Decapoda","Crangonidae","Crangon",NA,NA,"Pleocyemata","Caridea","Crangon"
NA,NA,NA,NA,NA,NA,NA,"Crangon communis",NA,NA,NA,"Crangon communis"
"Arthropoda","Crustacea","Malacostraca","Eumalacostraca","Decapoda","Crangonidae","Crangon","Crangon dalli",NA,"Pleocyemata","Caridea","Crangon dalli"
"Arthropoda","Crustacea","Malacostraca","Eumalacostraca","Decapoda","Crangonidae",NA,NA,NA,"Pleocyemata","Caridea","Crangonidae"
"Echinodermata","Asterozoa","Asteroidea",NA,"Valvatida","Solasteridae","Crossaster",NA,NA,NA,NA,"Crossaster"
"Echinodermata","Asterozoa","Asteroidea",NA,"Valvatida","Solasteridae","Crossaster","Crossaster papposus",NA,NA,NA,"Crossaster papposus"
"Arthropoda","Crustacea",NA,NA,NA,NA,NA,NA,NA,NA,NA,"Crustacea"
"Chordata","Vertebrata","Actinopterygii","Neopterygii","Perciformes","Cryptacanthodidae","Cryptacanthodes","Cryptacanthodes aleutensis","Teleostei","Zoarcoidei",NA,"Cryptacanthodes aleutensis"
"Chordata","Vertebrata","Actinopterygii","Neopterygii","Perciformes","Cryptacanthodidae","Cryptacanthodes","Cryptacanthodes giganteus","Teleostei","Zoarcoidei",NA,"Cryptacanthodes giganteus"
"Mollusca",NA,"Polyplacophora","Neoloricata","Chitonida","Acanthochitonidae","Cryptochiton","Cryptochiton stelleri",NA,"Acanthochitonina",NA,"Cryptochiton stelleri"
"Mollusca",NA,"Gastropoda",NA,"Neotaenioglossa","Naticidae","Cryptonatica",NA,NA,NA,NA,"Cryptonatica"
"Mollusca",NA,"Gastropoda",NA,"Neotaenioglossa","Naticidae","Cryptonatica","Cryptonatica aleutica",NA,NA,NA,"Cryptonatica aleutica"
"Chordata","Vertebrata","Actinopterygii","Neopterygii","Scorpaeniformes","Liparidae","Crystallichthys","Crystallichthys cyclospilus","Teleostei","Cottoidei",NA,"Crystallichthys cyclospilus"
"Echinodermata","Asterozoa","Asteroidea",NA,"Paxillosida","Ctenodiscidae","Ctenodiscus","Ctenodiscus crispatus",NA,NA,NA,"Ctenodiscus crispatus"
"Ctenophora",NA,NA,NA,NA,NA,NA,NA,NA,NA,NA,"Ctenophora"
"Echinodermata","Echinozoa","Holothuroidea","Dendrochirotacea","Dendrochirotida","Cucumariidae","Cucumaria","Cucumaria fallax",NA,NA,NA,"Cucumaria fallax"
NA,NA,"Magnoliopsida",NA,"Asterales","Campanulaceae","Cyanea",NA,NA,NA,NA,"Cyanea"
"Chordata","Vertebrata","Actinopterygii","Neopterygii","Scorpaeniformes","Cyclopteridae",NA,NA,"Teleostei","Cottoidei",NA,"Cyclopteridae"
"Chordata","Vertebrata","Actinopterygii","Neopterygii","Scorpaeniformes","Psychrolutidae","Dasycottus","Dasycottus setiger","Teleostei","Cottoidei",NA,"Dasycottus setiger"
"Echinodermata","Asterozoa","Asteroidea",NA,"Valvatida","Asteropseidae","Dermasterias","Dermasterias imbricata",NA,NA,NA,"Dermasterias imbricata"
"Echinodermata","Asterozoa","Asteroidea",NA,"Velatida","Pterasteridae","Diplopteraster","Diplopteraster multipes",NA,NA,NA,"Diplopteraster multipes"
"Echinodermata","Asterozoa","Asteroidea",NA,"Paxillosida","Astropectinidae","Dipsacaster",NA,NA,NA,NA,"Dipsacaster"
"Echinodermata","Asterozoa","Asteroidea",NA,"Paxillosida","Astropectinidae","Dipsacaster","Dipsacaster borealis",NA,NA,NA,"Dipsacaster borealis"
"Echinodermata","Echinozoa","Echinoidea","Euechinoidea",NA,NA,NA,NA,NA,NA,NA,"Echinacea"
"Chordata","Vertebrata","Actinopterygii","Neopterygii","Gadiformes","Gadidae","Eleginus","Eleginus gracilis","Teleostei",NA,NA,"Eleginus gracilis"
"Mollusca",NA,"Cephalopoda","Coleoidea","Octopoda","Octopodidae","Enteroctopus","Enteroctopus dofleini",NA,"Incirrina",NA,"Enteroctopus dofleini"
"Arthropoda","Crustacea","Malacostraca","Eumalacostraca","Decapoda","Cheiragonidae","Erimacrus","Erimacrus isenbeckii",NA,"Pleocyemata","Brachyura","Erimacrus isenbeckii"
"Arthropoda","Crustacea","Malacostraca","Eumalacostraca","Decapoda","Hippolytidae","Eualus",NA,NA,"Pleocyemata","Caridea","Eualus"
"Arthropoda","Crustacea","Malacostraca","Eumalacostraca","Decapoda","Hippolytidae","Eualus","Eualus barbatus",NA,"Pleocyemata","Caridea","Eualus barbatus"
"Arthropoda","Crustacea","Malacostraca","Eumalacostraca","Decapoda","Hippolytidae","Eualus","Eualus suckleyi",NA,"Pleocyemata","Caridea","Eualus suckleyi"
"Chordata","Vertebrata","Actinopterygii","Neopterygii","Scorpaeniformes","Cyclopteridae","Eumicrotremus","Eumicrotremus orbis","Teleostei","Cottoidei",NA,"Eumicrotremus orbis"
"Annelida","Polychaeta","Errantia","Aciculata","Phyllodocida","Polynoidae","Eunoe",NA,NA,NA,NA,"Eunoe"
"Chordata","Vertebrata","Chondrichthyes","Elasmobranchii",NA,NA,NA,NA,NA,NA,NA,"Euselachii"
"Echinodermata","Asterozoa","Asteroidea",NA,"Forcipulatida","Asteriidae","Evasterias",NA,NA,NA,NA,"Evasterias"
"Echinodermata","Asterozoa","Asteroidea",NA,"Forcipulatida","Asteriidae","Evasterias","Evasterias echinosoma",NA,NA,NA,"Evasterias echinosoma"
NA,NA,NA,NA,NA,NA,NA,"Evasterias troschelii",NA,NA,NA,"Evasterias troschelii"
"Mollusca",NA,"Gastropoda",NA,"Neotaenioglossa","Ranellidae","Fusitriton","Fusitriton oregonensis",NA,NA,NA,"Fusitriton oregonensis"
"Chordata","Vertebrata","Actinopterygii","Neopterygii","Gadiformes","Gadidae","Gadus","Gadus chalcogrammus","Teleostei",NA,NA,"Gadus chalcogrammus"
"Chordata","Vertebrata","Actinopterygii","Neopterygii","Gadiformes","Gadidae","Gadus","Gadus macrocephalus","Teleostei",NA,NA,"Gadus macrocephalus"
"Mollusca",NA,"Gastropoda",NA,NA,NA,NA,NA,NA,NA,NA,"Gastropoda"
"Echinodermata","Asterozoa","Asteroidea",NA,"Paxillosida","Pseudarchasteridae","Gephyreaster","Gephyreaster swifti",NA,NA,NA,"Gephyreaster swifti"
"Cnidaria","Anthozoa","Anthozoa","Octocorallia","Alcyonacea","Alcyoniidae","Gersemia",NA,NA,"Alcyoniina",NA,"Gersemia"
"Chordata","Vertebrata","Actinopterygii","Neopterygii","Scorpaeniformes","Psychrolutidae","Gilbertidia","Gilbertidia sigalutes","Teleostei","Cottoidei",NA,"Gilbertidia sigalutes"
"Chordata","Vertebrata","Actinopterygii","Neopterygii","Pleuronectiformes","Pleuronectidae","Glyptocephalus","Glyptocephalus zachirus","Teleostei","Pleuronectoidei",NA,"Glyptocephalus zachirus"
NA,NA,NA,NA,"Gorgonacea",NA,NA,NA,NA,NA,NA,"Gorgonacea"
"Echinodermata","Asterozoa","Ophiuroidea",NA,"Phrynophiurida","Gorgonocephalidae","Gorgonocephalus","Gorgonocephalus eucnemis",NA,"Euryalina",NA,"Gorgonocephalus eucnemis"
"Chordata","Vertebrata","Actinopterygii","Neopterygii","Scorpaeniformes","Cottidae","Gymnocanthus",NA,"Teleostei","Cottoidei",NA,"Gymnocanthus"
"Chordata","Vertebrata","Actinopterygii","Neopterygii","Scorpaeniformes","Cottidae","Gymnocanthus","Gymnocanthus galeatus","Teleostei","Cottoidei",NA,"Gymnocanthus galeatus"
"Chordata","Vertebrata","Actinopterygii","Neopterygii","Scorpaeniformes","Cottidae","Gymnocanthus","Gymnocanthus pistilliger","Teleostei","Cottoidei",NA,"Gymnocanthus pistilliger"
"Chordata","Urochordata","Ascidiacea",NA,"Pleurogona","Pyuridae","Halocynthia",NA,NA,"Stolidobranchia",NA,"Halocynthia"
"Chordata","Urochordata","Ascidiacea",NA,"Pleurogona","Pyuridae","Halocynthia","Halocynthia aurantium",NA,"Stolidobranchia",NA,"Halocynthia aurantium"
NA,NA,NA,NA,NA,NA,NA,"Halocynthia igaboja",NA,NA,NA,"Halocynthia igaboja"
"Chordata","Vertebrata","Actinopterygii","Neopterygii","Scorpaeniformes","Cottidae","Hemilepidotus","Hemilepidotus hemilepidotus","Teleostei","Cottoidei",NA,"Hemilepidotus hemilepidotus"
"Chordata","Vertebrata","Actinopterygii","Neopterygii","Scorpaeniformes","Cottidae","Hemilepidotus","Hemilepidotus jordani","Teleostei","Cottoidei",NA,"Hemilepidotus jordani"
"Chordata","Vertebrata","Actinopterygii","Neopterygii","Scorpaeniformes","Hemitripteridae","Hemitripterus","Hemitripterus bolini","Teleostei","Cottoidei",NA,"Hemitripterus bolini"
"Echinodermata","Asterozoa","Asteroidea",NA,"Spinulosida","Echinasteridae","Henricia",NA,NA,NA,NA,"Henricia"
"Echinodermata","Asterozoa","Asteroidea",NA,"Spinulosida","Echinasteridae","Henricia","Henricia sanguinolenta",NA,NA,NA,"Henricia sanguinolenta"
"Arthropoda","Crustacea","Malacostraca","Eumalacostraca","Decapoda","Hippolytidae","Heptacarpus",NA,NA,"Pleocyemata","Caridea","Heptacarpus"
"Chordata","Vertebrata","Actinopterygii","Neopterygii","Scorpaeniformes","Hexagrammidae",NA,NA,"Teleostei","Hexagrammoidei",NA,"Hexagrammidae"
"Chordata","Vertebrata","Actinopterygii","Neopterygii","Scorpaeniformes","Hexagrammidae","Hexagrammos","Hexagrammos decagrammus","Teleostei","Hexagrammoidei",NA,"Hexagrammos decagrammus"
"Chordata","Vertebrata","Actinopterygii","Neopterygii","Scorpaeniformes","Hexagrammidae","Hexagrammos","Hexagrammos stelleri","Teleostei","Hexagrammoidei",NA,"Hexagrammos stelleri"
"Echinodermata","Asterozoa","Asteroidea",NA,"Valvatida","Goniasteridae","Hippasteria","Hippasteria spinosa",NA,NA,NA,"Hippasteria spinosa"
"Chordata","Vertebrata","Actinopterygii","Neopterygii","Pleuronectiformes","Pleuronectidae","Hippoglossoides","Hippoglossoides elassodon","Teleostei","Pleuronectoidei",NA,"Hippoglossoides elassodon"
"Chordata","Vertebrata","Actinopterygii","Neopterygii","Pleuronectiformes","Pleuronectidae","Hippoglossus","Hippoglossus stenolepis","Teleostei","Pleuronectoidei",NA,"Hippoglossus stenolepis"
"Arthropoda","Crustacea","Malacostraca","Eumalacostraca","Decapoda","Hippolytidae",NA,NA,NA,"Pleocyemata","Caridea","Hippolytidae"
"Echinodermata","Echinozoa","Holothuroidea",NA,NA,NA,NA,NA,NA,NA,NA,"Holothuroidea"
"Arthropoda","Crustacea","Malacostraca","Eumalacostraca","Decapoda","Oregoniidae","Hyas",NA,NA,"Pleocyemata","Brachyura","Hyas"
"Arthropoda","Crustacea","Malacostraca","Eumalacostraca","Decapoda","Oregoniidae","Hyas","Hyas lyratus",NA,"Pleocyemata","Brachyura","Hyas lyratus"
"Chordata","Vertebrata","Actinopterygii","Neopterygii","Scorpaeniformes","Agonidae","Hypsagonus","Hypsagonus quadricornis","Teleostei","Cottoidei",NA,"Hypsagonus quadricornis"
"Chordata","Vertebrata","Actinopterygii","Neopterygii","Scorpaeniformes","Cottidae","Icelinus","Icelinus borealis","Teleostei","Cottoidei",NA,"Icelinus borealis"
"Chordata","Vertebrata","Actinopterygii","Neopterygii","Scorpaeniformes","Cottidae","Icelus",NA,"Teleostei","Cottoidei",NA,"Icelus"
"Chordata","Vertebrata","Actinopterygii","Neopterygii","Scorpaeniformes","Cottidae","Icelus","Icelus spiniger","Teleostei","Cottoidei",NA,"Icelus spiniger"
"Arthropoda","Crustacea","Malacostraca","Eumalacostraca","Isopoda",NA,NA,NA,NA,NA,NA,"Isopoda"
"Chordata","Vertebrata","Actinopterygii","Neopterygii","Pleuronectiformes","Pleuronectidae","Isopsetta","Isopsetta isolepis","Teleostei","Pleuronectoidei",NA,"Isopsetta isolepis"
"Chordata","Vertebrata","Chondrichthyes","Elasmobranchii","Lamniformes","Lamnidae","Lamna","Lamna ditropis",NA,NA,NA,"Lamna ditropis"
"Arthropoda","Crustacea","Malacostraca","Eumalacostraca","Decapoda","Hippolytidae","Lebbeus","Lebbeus grandimana",NA,"Pleocyemata","Caridea","Lebbeus grandimana"
"Arthropoda","Crustacea","Malacostraca","Eumalacostraca","Decapoda","Hippolytidae","Lebbeus","Lebbeus groenlandicus",NA,"Pleocyemata","Caridea","Lebbeus groenlandicus"
"Chordata","Vertebrata","Actinopterygii","Neopterygii","Pleuronectiformes","Pleuronectidae","Lepidopsetta",NA,"Teleostei","Pleuronectoidei",NA,"Lepidopsetta"
"Chordata","Vertebrata","Actinopterygii","Neopterygii","Pleuronectiformes","Pleuronectidae","Lepidopsetta","Lepidopsetta bilineata","Teleostei","Pleuronectoidei",NA,"Lepidopsetta bilineata"
"Chordata","Vertebrata","Actinopterygii","Neopterygii","Pleuronectiformes","Pleuronectidae","Lepidopsetta","Lepidopsetta polyxystra","Teleostei","Pleuronectoidei",NA,"Lepidopsetta polyxystra"
NA,NA,NA,NA,NA,NA,NA,"Leptagonus frenatus",NA,NA,NA,"Leptagonus frenatus"
NA,NA,NA,NA,NA,NA,NA,"Leptagonus leptorhynchus",NA,NA,NA,"Leptagonus leptorhynchus"
"Echinodermata","Asterozoa","Asteroidea",NA,"Forcipulatida","Asteriidae","Leptasterias",NA,NA,NA,NA,"Leptasterias"
"Echinodermata","Asterozoa","Asteroidea",NA,"Forcipulatida","Asteriidae","Leptasterias","Leptasterias polaris",NA,NA,NA,"Leptasterias polaris"
"Chordata","Vertebrata","Actinopterygii","Neopterygii","Scorpaeniformes","Cottidae","Leptocottus","Leptocottus armatus","Teleostei","Cottoidei",NA,"Leptocottus armatus"
"Echinodermata","Asterozoa","Asteroidea",NA,"Forcipulatida","Asteriidae","Lethasterias","Lethasterias nanimensis",NA,NA,NA,"Lethasterias nanimensis"
"Chordata","Vertebrata","Actinopterygii","Neopterygii","Pleuronectiformes","Pleuronectidae","Limanda","Limanda aspera","Teleostei","Pleuronectoidei",NA,"Limanda aspera"
"Chordata","Vertebrata","Actinopterygii","Neopterygii","Scorpaeniformes","Liparidae",NA,NA,"Teleostei","Cottoidei",NA,"Liparidae"
"Chordata","Vertebrata","Actinopterygii","Neopterygii","Scorpaeniformes","Liparidae","Liparis","Liparis dennyi","Teleostei","Cottoidei",NA,"Liparis dennyi"
"Chordata","Vertebrata","Actinopterygii","Neopterygii","Scorpaeniformes","Liparidae","Liparis","Liparis gibbus","Teleostei","Cottoidei",NA,"Liparis gibbus"
"Arthropoda","Crustacea","Malacostraca","Eumalacostraca","Decapoda","Lithodidae","Lithodes","Lithodes aequispinus",NA,"Pleocyemata","Anomura","Lithodes aequispinus"
"Arthropoda","Crustacea","Malacostraca","Eumalacostraca","Decapoda","Lithodidae","Lopholithodes",NA,NA,"Pleocyemata","Anomura","Lopholithodes"
"Arthropoda","Crustacea","Malacostraca","Eumalacostraca","Decapoda","Lithodidae","Lopholithodes","Lopholithodes foraminatus",NA,"Pleocyemata","Anomura","Lopholithodes foraminatus"
"Arthropoda","Crustacea","Malacostraca","Eumalacostraca","Decapoda","Lithodidae","Lopholithodes","Lopholithodes mandtii",NA,"Pleocyemata","Anomura","Lopholithodes mandtii"
"Echinodermata","Asterozoa","Asteroidea",NA,"Paxillosida","Luidiidae","Luidia","Luidia foliolata",NA,NA,NA,"Luidia foliolata"
"Chordata","Vertebrata","Actinopterygii","Neopterygii","Perciformes","Stichaeidae","Lumpenella","Lumpenella longirostris","Teleostei","Zoarcoidei",NA,"Lumpenella longirostris"
"Chordata","Vertebrata","Actinopterygii","Neopterygii","Perciformes","Stichaeidae","Lumpenus","Lumpenus fabricii","Teleostei","Zoarcoidei",NA,"Lumpenus fabricii"
NA,NA,NA,NA,NA,NA,NA,"Lumpenus maculatus",NA,NA,NA,"Lumpenus maculatus"
"Chordata","Vertebrata","Actinopterygii","Neopterygii","Perciformes","Stichaeidae","Lumpenus","Lumpenus sagitta","Teleostei","Zoarcoidei",NA,"Lumpenus sagitta"
"Chordata","Vertebrata","Actinopterygii","Neopterygii","Perciformes","Zoarcidae","Lycodes","Lycodes brevipes","Teleostei","Zoarcoidei",NA,"Lycodes brevipes"
"Chordata","Vertebrata","Actinopterygii","Neopterygii","Perciformes","Zoarcidae","Lycodes","Lycodes palearis","Teleostei","Zoarcoidei",NA,"Lycodes palearis"
"Chordata","Vertebrata","Actinopterygii","Neopterygii","Pleuronectiformes","Pleuronectidae","Lyopsetta","Lyopsetta exilis","Teleostei","Pleuronectoidei",NA,"Lyopsetta exilis"
"Mollusca",NA,"Bivalvia","Heterodonta","Veneroida","Tellinidae","Macoma",NA,NA,NA,NA,"Macoma"
"Chordata","Vertebrata","Actinopterygii","Neopterygii","Gadiformes","Macrouridae",NA,NA,"Teleostei",NA,NA,"Macrouridae"
"Chordata","Vertebrata","Actinopterygii","Neopterygii","Scorpaeniformes","Psychrolutidae","Malacocottus","Malacocottus zonurus","Teleostei","Cottoidei",NA,"Malacocottus zonurus"
"Chordata","Vertebrata","Actinopterygii","Neopterygii","Osmeriformes","Osmeridae","Mallotus","Mallotus villosus","Teleostei","Osmeroidei",NA,"Mallotus villosus"
"Echinodermata","Asterozoa","Asteroidea",NA,"Valvatida","Goniasteridae","Mediaster",NA,NA,NA,NA,"Mediaster"
"Echinodermata","Asterozoa","Asteroidea",NA,"Valvatida","Goniasteridae","Mediaster","Mediaster aequalis",NA,NA,NA,"Mediaster aequalis"
"Cnidaria","Anthozoa","Anthozoa","Hexacorallia","Actiniaria","Metridiidae","Metridium",NA,NA,"Nyantheae","Thenaria","Metridium"
"Chordata","Vertebrata","Actinopterygii","Neopterygii","Gadiformes","Gadidae","Microgadus","Microgadus proximus","Teleostei",NA,NA,"Microgadus proximus"
"Chordata","Vertebrata","Actinopterygii","Neopterygii","Pleuronectiformes","Pleuronectidae","Microstomus","Microstomus pacificus","Teleostei","Pleuronectoidei",NA,"Microstomus pacificus"
"Chordata","Urochordata","Ascidiacea",NA,"Pleurogona","Molgulidae","Molgula","Molgula griffithsii",NA,"Stolidobranchia",NA,"Molgula griffithsii"
"Echinodermata","Echinozoa","Holothuroidea","Apodacea","Molpadiida","Molpadiidae","Molpadia",NA,NA,NA,NA,"Molpadia"
"Echinodermata","Echinozoa","Holothuroidea","Apodacea","Molpadiida","Molpadiidae","Molpadia","Molpadia intermedia",NA,NA,NA,"Molpadia intermedia"
"Chordata","Vertebrata","Actinopterygii","Neopterygii","Scorpaeniformes","Cottidae","Myoxocephalus",NA,"Teleostei","Cottoidei",NA,"Myoxocephalus"
"Chordata","Vertebrata","Actinopterygii","Neopterygii","Scorpaeniformes","Cottidae","Myoxocephalus","Myoxocephalus jaok","Teleostei","Cottoidei",NA,"Myoxocephalus jaok"
"Chordata","Vertebrata","Actinopterygii","Neopterygii","Scorpaeniformes","Cottidae","Myoxocephalus","Myoxocephalus polyacanthocephalus","Teleostei","Cottoidei",NA,"Myoxocephalus polyacanthocephalus"
"Mollusca",NA,"Bivalvia","Pteriomorphia","Mytiloida","Mytilidae",NA,NA,NA,NA,NA,"Mytilidae"
"Mollusca",NA,"Bivalvia","Pteriomorphia","Mytiloida","Mytilidae","Mytilus",NA,NA,NA,NA,"Mytilus"
"Mollusca",NA,"Bivalvia","Pteriomorphia","Mytiloida","Mytilidae","Mytilus","Mytilus edulis",NA,NA,NA,"Mytilus edulis"
"Mollusca",NA,"Gastropoda",NA,"Neotaenioglossa","Naticidae","Natica",NA,NA,NA,NA,"Natica"
"Chordata","Vertebrata","Actinopterygii","Neopterygii","Scorpaeniformes","Hemitripteridae","Nautichthys","Nautichthys oculofasciatus","Teleostei","Cottoidei",NA,"Nautichthys oculofasciatus"
"Mollusca",NA,"Gastropoda","Prosobranchia","Neogastropoda","Buccinidae","Neptunea",NA,NA,NA,NA,"Neptunea"
"Mollusca",NA,"Gastropoda","Prosobranchia","Neogastropoda","Buccinidae","Neptunea","Neptunea lyrata",NA,NA,NA,"Neptunea lyrata"
"Mollusca",NA,"Gastropoda","Prosobranchia","Neogastropoda","Buccinidae","Neptunea","Neptunea pribiloffensis",NA,NA,NA,"Neptunea pribiloffensis"
"Annelida","Polychaeta","Errantia","Aciculata","Phyllodocida","Nereididae","Nereis",NA,NA,NA,NA,"Nereis"
"Annelida","Clitellata","Hirudinea","Hirudinea","Rhynchobdellida","Piscicolidae","Notostomum","Notostomum cyclostomum","Euhirudinea",NA,NA,"Notostomum cyclostomum"
"Mollusca",NA,"Bivalvia","Protobranchia","Nuculoida","Nuculanidae","Nuculana",NA,NA,NA,NA,"Nuculana"
"Mollusca",NA,"Gastropoda","Opisthobranchia","Nudibranchia",NA,NA,NA,NA,NA,NA,"Nudibranchia"
"Chordata","Vertebrata","Actinopterygii","Neopterygii","Scorpaeniformes","Agonidae","Occella","Occella dodecaedron","Teleostei","Cottoidei",NA,"Occella dodecaedron"
"Chordata","Vertebrata","Actinopterygii","Neopterygii","Salmoniformes","Salmonidae","Oncorhynchus","Oncorhynchus gorbuscha","Teleostei",NA,NA,"Oncorhynchus gorbuscha"
"Chordata","Vertebrata","Actinopterygii","Neopterygii","Salmoniformes","Salmonidae","Oncorhynchus","Oncorhynchus keta","Teleostei",NA,NA,"Oncorhynchus keta"
"Chordata","Vertebrata","Actinopterygii","Neopterygii","Salmoniformes","Salmonidae","Oncorhynchus","Oncorhynchus kisutch","Teleostei",NA,NA,"Oncorhynchus kisutch"
"Chordata","Vertebrata","Actinopterygii","Neopterygii","Salmoniformes","Salmonidae","Oncorhynchus","Oncorhynchus nerka","Teleostei",NA,NA,"Oncorhynchus nerka"
"Chordata","Vertebrata","Actinopterygii","Neopterygii","Salmoniformes","Salmonidae","Oncorhynchus","Oncorhynchus tshawytscha","Teleostei",NA,NA,"Oncorhynchus tshawytscha"
"Chordata","Vertebrata","Actinopterygii","Neopterygii","Scorpaeniformes","Hexagrammidae","Ophiodon","Ophiodon elongatus","Teleostei","Hexagrammoidei",NA,"Ophiodon elongatus"
"Echinodermata","Asterozoa","Ophiuroidea",NA,NA,NA,NA,NA,NA,NA,NA,"Ophiuroidea"
"Arthropoda","Crustacea","Malacostraca","Eumalacostraca","Decapoda","Oregoniidae","Oregonia","Oregonia gracilis",NA,"Pleocyemata","Brachyura","Oregonia gracilis"
"Echinodermata","Asterozoa","Asteroidea",NA,"Forcipulatida","Asteriidae","Orthasterias","Orthasterias koehleri",NA,NA,NA,"Orthasterias koehleri"
"Chordata","Vertebrata","Actinopterygii","Neopterygii","Osmeriformes","Osmeridae",NA,NA,"Teleostei","Osmeroidei",NA,"Osmeridae"
"Chordata","Vertebrata","Actinopterygii","Neopterygii","Osmeriformes","Osmeridae","Osmerus","Osmerus mordax","Teleostei","Osmeroidei",NA,"Osmerus mordax"
"Arthropoda","Crustacea","Malacostraca","Eumalacostraca","Decapoda","Paguridae",NA,NA,NA,"Pleocyemata","Anomura","Paguridae"
"Arthropoda","Crustacea","Malacostraca","Eumalacostraca","Decapoda","Paguridae","Pagurus","Pagurus brandti",NA,"Pleocyemata","Anomura","Pagurus brandti"
"Chordata","Vertebrata","Actinopterygii","Neopterygii","Scorpaeniformes","Agonidae","Pallasina","Pallasina barbata","Teleostei","Cottoidei",NA,"Pallasina barbata"
"Arthropoda","Crustacea","Malacostraca","Eumalacostraca","Decapoda","Pandalidae",NA,NA,NA,"Pleocyemata","Caridea","Pandalidae"
"Arthropoda","Crustacea","Malacostraca","Eumalacostraca","Decapoda","Pandalidae","Pandalopsis","Pandalopsis dispar",NA,"Pleocyemata","Caridea","Pandalopsis dispar"
"Arthropoda","Crustacea","Malacostraca","Eumalacostraca","Decapoda","Pandalidae","Pandalus",NA,NA,"Pleocyemata","Caridea","Pandalus"
"Arthropoda","Crustacea","Malacostraca","Eumalacostraca","Decapoda","Pandalidae","Pandalus","Pandalus danae",NA,"Pleocyemata","Caridea","Pandalus danae"
"Arthropoda","Crustacea","Malacostraca","Eumalacostraca","Decapoda","Pandalidae","Pandalus","Pandalus eous",NA,"Pleocyemata","Caridea","Pandalus eous"
"Arthropoda","Crustacea","Malacostraca","Eumalacostraca","Decapoda","Pandalidae","Pandalus","Pandalus goniurus",NA,"Pleocyemata","Caridea","Pandalus goniurus"
"Arthropoda","Crustacea","Malacostraca","Eumalacostraca","Decapoda","Pandalidae","Pandalus","Pandalus hypsinotus",NA,"Pleocyemata","Caridea","Pandalus hypsinotus"
"Arthropoda","Crustacea","Malacostraca","Eumalacostraca","Decapoda","Pandalidae","Pandalus","Pandalus jordani",NA,"Pleocyemata","Caridea","Pandalus jordani"
"Arthropoda","Crustacea","Malacostraca","Eumalacostraca","Decapoda","Pandalidae","Pandalus","Pandalus platyceros",NA,"Pleocyemata","Caridea","Pandalus platyceros"
"Arthropoda","Crustacea","Malacostraca","Eumalacostraca","Decapoda","Pandalidae","Pandalus","Pandalus tridens",NA,"Pleocyemata","Caridea","Pandalus tridens"
"Cnidaria","Anthozoa","Anthozoa","Octocorallia","Alcyonacea","Paragorgiidae","Paragorgia","Paragorgia arborea",NA,"Scleraxonia",NA,"Paragorgia arborea"
"Arthropoda","Crustacea","Malacostraca","Eumalacostraca","Decapoda","Lithodidae","Paralithodes","Paralithodes camtschaticus",NA,"Pleocyemata","Anomura","Paralithodes camtschaticus"
"Arthropoda","Crustacea","Malacostraca","Eumalacostraca","Decapoda","Lithodidae","Paralithodes","Paralithodes platypus",NA,"Pleocyemata","Anomura","Paralithodes platypus"
"Echinodermata","Echinozoa","Holothuroidea","Aspidochirotacea","Aspidochirotida","Stichopodidae","Parastichopus","Parastichopus californicus",NA,NA,NA,"Parastichopus californicus"
"Chordata","Vertebrata","Actinopterygii","Neopterygii","Pleuronectiformes","Pleuronectidae","Parophrys","Parophrys vetulus","Teleostei","Pleuronectoidei",NA,"Parophrys vetulus"
"Arthropoda","Crustacea","Malacostraca","Eumalacostraca","Decapoda","Pasiphaeidae","Pasiphaea","Pasiphaea pacifica",NA,"Pleocyemata","Caridea","Pasiphaea pacifica"
"Mollusca",NA,"Bivalvia","Pteriomorphia","Ostreoida","Pectinidae","Patinopecten","Patinopecten caurinus",NA,NA,NA,"Patinopecten caurinus"
"Mollusca",NA,"Bivalvia","Pteriomorphia","Ostreoida","Pectinidae",NA,NA,NA,NA,NA,"Pectinidae"
"Cnidaria","Anthozoa","Anthozoa","Octocorallia","Pennatulacea",NA,NA,NA,NA,NA,NA,"Pennatulacea"
"Echinodermata","Echinozoa","Holothuroidea","Dendrochirotacea","Dendrochirotida","Phyllophoridae","Pentamera",NA,NA,NA,NA,"Pentamera"
"Echinodermata","Echinozoa","Holothuroidea","Dendrochirotacea","Dendrochirotida","Phyllophoridae","Pentamera","Pentamera lissoplaca",NA,NA,NA,"Pentamera lissoplaca"
"Chordata","Vertebrata","Cephalaspidomorphi",NA,"Petromyzontiformes","Petromyzontidae",NA,NA,NA,NA,NA,"Petromyzontidae"
"Chordata","Vertebrata","Actinopterygii","Neopterygii","Perciformes","Pholidae","Pholis","Pholis laeta","Teleostei","Zoarcoidei",NA,"Pholis laeta"
"Arthropoda","Crustacea","Malacostraca","Eumalacostraca","Decapoda","Pinnotheridae","Pinnixa","Pinnixa occidentalis",NA,"Pleocyemata","Brachyura","Pinnixa occidentalis"
"Echinodermata","Asterozoa","Asteroidea",NA,"Forcipulatida","Asteriidae","Pisaster",NA,NA,NA,NA,"Pisaster"
"Arthropoda","Crustacea","Malacostraca","Eumalacostraca","Decapoda","Lithodidae","Placetron","Placetron wosnessenskii",NA,"Pleocyemata","Anomura","Placetron wosnessenskii"
"Chordata","Vertebrata","Actinopterygii","Neopterygii","Pleuronectiformes","Pleuronectidae","Platichthys",NA,"Teleostei","Pleuronectoidei",NA,"Platichthys"
"Chordata","Vertebrata","Actinopterygii","Neopterygii","Pleuronectiformes","Pleuronectidae","Platichthys","Platichthys stellatus","Teleostei","Pleuronectoidei",NA,"Platichthys stellatus"
"Platyhelminthes",NA,NA,NA,NA,NA,NA,NA,NA,NA,NA,"Platyhelminthes"
"Chordata","Vertebrata","Actinopterygii","Neopterygii","Scorpaeniformes","Hexagrammidae","Pleurogrammus","Pleurogrammus monopterygius","Teleostei","Hexagrammoidei",NA,"Pleurogrammus monopterygius"
"Chordata","Vertebrata","Actinopterygii","Neopterygii","Pleuronectiformes","Pleuronectidae","Pleuronectes","Pleuronectes quadrituberculatus","Teleostei","Pleuronectoidei",NA,"Pleuronectes quadrituberculatus"
"Mollusca",NA,"Bivalvia","Pteriomorphia","Ostreoida","Anomiidae","Pododesmus",NA,NA,NA,NA,"Pododesmus"
"Mollusca",NA,"Bivalvia","Pteriomorphia","Ostreoida","Anomiidae","Pododesmus","Pododesmus macrochisma",NA,NA,NA,"Pododesmus macrochisma"
"Chordata","Vertebrata","Actinopterygii","Neopterygii","Scorpaeniformes","Agonidae","Podothecus","Podothecus accipenserinus","Teleostei","Cottoidei",NA,"Podothecus accipenserinus"
"Annelida","Polychaeta",NA,NA,NA,NA,NA,NA,NA,NA,NA,"Polychaeta"
"Platyhelminthes","Rhabditophora","Trepaxonemata",NA,"Polycladida",NA,NA,NA,NA,NA,NA,"Polycladida"
"Mollusca",NA,"Polyplacophora",NA,NA,NA,NA,NA,NA,NA,NA,"Polyplacophora"
"Porifera",NA,NA,NA,NA,NA,NA,NA,NA,NA,NA,"Porifera"
"Chordata","Vertebrata","Actinopterygii","Neopterygii","Perciformes","Stichaeidae","Poroclinus","Poroclinus rothrocki","Teleostei","Zoarcoidei",NA,"Poroclinus rothrocki"
"Chordata","Vertebrata","Actinopterygii","Neopterygii","Pleuronectiformes","Pleuronectidae","Psettichthys","Psettichthys melanostictus","Teleostei","Pleuronectoidei",NA,"Psettichthys melanostictus"
"Echinodermata","Asterozoa","Asteroidea",NA,"Paxillosida","Pseudarchasteridae","Pseudarchaster","Pseudarchaster alascensis",NA,NA,NA,"Pseudarchaster alascensis"
"Echinodermata","Asterozoa","Asteroidea",NA,"Paxillosida","Pseudarchasteridae","Pseudarchaster","Pseudarchaster parelii",NA,NA,NA,"Pseudarchaster parelii"
"Chordata","Vertebrata","Actinopterygii","Neopterygii","Scorpaeniformes","Psychrolutidae","Psychrolutes","Psychrolutes paradoxus","Teleostei","Cottoidei",NA,"Psychrolutes paradoxus"
"Echinodermata","Asterozoa","Asteroidea",NA,"Velatida","Pterasteridae","Pteraster",NA,NA,NA,NA,"Pteraster"
"Echinodermata","Asterozoa","Asteroidea",NA,"Velatida","Pterasteridae","Pteraster","Pteraster tesselatus",NA,NA,NA,"Pteraster tesselatus"
"Arthropoda","Crustacea","Malacostraca","Eumalacostraca","Decapoda","Epialtidae","Pugettia",NA,NA,"Pleocyemata","Brachyura","Pugettia"
"Echinodermata","Asterozoa","Asteroidea",NA,"Forcipulatida","Pycnopodiidae","Pycnopodia","Pycnopodia helianthoides",NA,NA,NA,"Pycnopodia helianthoides"
"Mollusca",NA,"Gastropoda","Prosobranchia","Neogastropoda","Buccinidae","Pyrulofusus","Pyrulofusus harpa",NA,NA,NA,"Pyrulofusus harpa"
"Chordata","Vertebrata","Actinopterygii","Neopterygii","Scorpaeniformes","Cottidae","Radulinus","Radulinus asprellus","Teleostei","Cottoidei",NA,"Radulinus asprellus"
"Chordata","Vertebrata","Chondrichthyes","Elasmobranchii","Rajiformes","Rajidae","Raja","Raja binoculata",NA,NA,NA,"Raja binoculata"
"Chordata","Vertebrata","Chondrichthyes","Elasmobranchii","Rajiformes","Rajidae","Raja","Raja rhina",NA,NA,NA,"Raja rhina"
"Chordata","Vertebrata","Chondrichthyes","Elasmobranchii","Rajiformes","Rajidae",NA,NA,NA,NA,NA,"Rajidae"
"Chordata","Vertebrata","Actinopterygii","Neopterygii","Pleuronectiformes","Pleuronectidae","Reinhardtius","Reinhardtius hippoglossoides","Teleostei","Pleuronectoidei",NA,"Reinhardtius hippoglossoides"
"Chordata","Vertebrata","Actinopterygii","Neopterygii","Pleuronectiformes","Pleuronectidae","Reinhardtius","Reinhardtius stomias","Teleostei","Pleuronectoidei",NA,"Reinhardtius stomias"
NA,NA,NA,NA,NA,NA,NA,"Rhamphocottus richardsoni",NA,NA,NA,"Rhamphocottus richardsoni"
"Arthropoda","Crustacea","Malacostraca","Eumalacostraca","Decapoda","Lithodidae","Rhinolithodes","Rhinolithodes wosnessenskii",NA,"Pleocyemata","Anomura","Rhinolithodes wosnessenskii"
"Chordata","Vertebrata","Actinopterygii","Neopterygii","Perciformes","Bathymasteridae","Ronquilus","Ronquilus jordani","Teleostei","Zoarcoidei",NA,"Ronquilus jordani"
"Mollusca",NA,"Cephalopoda","Coleoidea","Sepiolida","Sepiolidae","Rossia","Rossia pacifica",NA,NA,NA,"Rossia pacifica"
"Chordata","Vertebrata","Actinopterygii","Neopterygii","Salmoniformes","Salmonidae","Salvelinus","Salvelinus malma","Teleostei",NA,NA,"Salvelinus malma"
"Mollusca",NA,"Bivalvia","Heterodonta","Veneroida","Veneridae","Saxidomus","Saxidomus gigantea",NA,NA,NA,"Saxidomus gigantea"
"Arthropoda","Crustacea","Malacostraca","Eumalacostraca","Decapoda","Crangonidae","Sclerocrangon","Sclerocrangon boreas",NA,"Pleocyemata","Caridea","Sclerocrangon boreas"
"Cnidaria","Medusozoa","Scyphozoa",NA,NA,NA,NA,NA,NA,NA,NA,"Scyphozoa"
"Chordata","Vertebrata","Actinopterygii","Neopterygii","Scorpaeniformes","Scorpaenidae","Sebastes",NA,"Teleostei","Scorpaenoidei",NA,"Sebastes"
"Chordata","Vertebrata","Actinopterygii","Neopterygii","Scorpaeniformes","Scorpaenidae","Sebastes","Sebastes aleutianus","Teleostei","Scorpaenoidei",NA,"Sebastes aleutianus"
"Chordata","Vertebrata","Actinopterygii","Neopterygii","Scorpaeniformes","Scorpaenidae","Sebastes","Sebastes alutus","Teleostei","Scorpaenoidei",NA,"Sebastes alutus"
"Chordata","Vertebrata","Actinopterygii","Neopterygii","Scorpaeniformes","Scorpaenidae","Sebastes","Sebastes babcocki","Teleostei","Scorpaenoidei",NA,"Sebastes babcocki"
"Chordata","Vertebrata","Actinopterygii","Neopterygii","Scorpaeniformes","Scorpaenidae","Sebastes","Sebastes borealis","Teleostei","Scorpaenoidei",NA,"Sebastes borealis"
"Chordata","Vertebrata","Actinopterygii","Neopterygii","Scorpaeniformes","Scorpaenidae","Sebastes","Sebastes brevispinis","Teleostei","Scorpaenoidei",NA,"Sebastes brevispinis"
"Chordata","Vertebrata","Actinopterygii","Neopterygii","Scorpaeniformes","Scorpaenidae","Sebastes","Sebastes ciliatus","Teleostei","Scorpaenoidei",NA,"Sebastes ciliatus"
"Chordata","Vertebrata","Actinopterygii","Neopterygii","Scorpaeniformes","Scorpaenidae","Sebastes","Sebastes crameri","Teleostei","Scorpaenoidei",NA,"Sebastes crameri"
"Chordata","Vertebrata","Actinopterygii","Neopterygii","Scorpaeniformes","Scorpaenidae","Sebastes","Sebastes flavidus","Teleostei","Scorpaenoidei",NA,"Sebastes flavidus"
"Chordata","Vertebrata","Actinopterygii","Neopterygii","Scorpaeniformes","Scorpaenidae","Sebastes","Sebastes melanops","Teleostei","Scorpaenoidei",NA,"Sebastes melanops"
"Chordata","Vertebrata","Actinopterygii","Neopterygii","Scorpaeniformes","Scorpaenidae","Sebastes","Sebastes nigrocinctus","Teleostei","Scorpaenoidei",NA,"Sebastes nigrocinctus"
"Chordata","Vertebrata","Actinopterygii","Neopterygii","Scorpaeniformes","Scorpaenidae","Sebastes","Sebastes paucispinis","Teleostei","Scorpaenoidei",NA,"Sebastes paucispinis"
"Chordata","Vertebrata","Actinopterygii","Neopterygii","Scorpaeniformes","Scorpaenidae","Sebastes","Sebastes polyspinis","Teleostei","Scorpaenoidei",NA,"Sebastes polyspinis"
"Chordata","Vertebrata","Actinopterygii","Neopterygii","Scorpaeniformes","Scorpaenidae","Sebastes","Sebastes proriger","Teleostei","Scorpaenoidei",NA,"Sebastes proriger"
"Chordata","Vertebrata","Actinopterygii","Neopterygii","Scorpaeniformes","Scorpaenidae","Sebastes","Sebastes ruberrimus","Teleostei","Scorpaenoidei",NA,"Sebastes ruberrimus"
"Chordata","Vertebrata","Actinopterygii","Neopterygii","Scorpaeniformes","Scorpaenidae","Sebastes","Sebastes variabilis","Teleostei","Scorpaenoidei",NA,"Sebastes variabilis"
"Chordata","Vertebrata","Actinopterygii","Neopterygii","Scorpaeniformes","Scorpaenidae","Sebastes","Sebastes variegatus","Teleostei","Scorpaenoidei",NA,"Sebastes variegatus"
"Chordata","Vertebrata","Actinopterygii","Neopterygii","Scorpaeniformes","Scorpaenidae","Sebastes","Sebastes zacentrus","Teleostei","Scorpaenoidei",NA,"Sebastes zacentrus"
"Chordata","Vertebrata","Actinopterygii","Neopterygii","Scorpaeniformes","Scorpaenidae","Sebastolobus",NA,"Teleostei","Scorpaenoidei",NA,"Sebastolobus"
"Chordata","Vertebrata","Actinopterygii","Neopterygii","Scorpaeniformes","Scorpaenidae","Sebastolobus","Sebastolobus alascanus","Teleostei","Scorpaenoidei",NA,"Sebastolobus alascanus"
"Annelida","Polychaeta","Sedentaria",NA,NA,NA,NA,NA,NA,NA,NA,"Sedentaria"
"Mollusca",NA,"Bivalvia","Heterodonta","Veneroida","Cardiidae","Serripes",NA,NA,NA,NA,"Serripes"
"Mollusca",NA,"Bivalvia","Heterodonta","Veneroida","Cardiidae","Serripes","Serripes groenlandicus",NA,NA,NA,"Serripes groenlandicus"
"Echinodermata","Asterozoa","Asteroidea",NA,"Valvatida","Solasteridae","Solaster",NA,NA,NA,NA,"Solaster"
"Echinodermata","Asterozoa","Asteroidea",NA,"Valvatida","Solasteridae","Solaster","Solaster dawsoni",NA,NA,NA,"Solaster dawsoni"
"Echinodermata","Asterozoa","Asteroidea",NA,"Valvatida","Solasteridae","Solaster","Solaster stimpsoni",NA,NA,NA,"Solaster stimpsoni"
"Chordata","Vertebrata","Chondrichthyes","Elasmobranchii","Squaliformes","Somniosidae","Somniosus","Somniosus pacificus",NA,NA,NA,"Somniosus pacificus"
"Arthropoda","Crustacea","Malacostraca","Eumalacostraca","Decapoda","Hippolytidae","Spirontocaris","Spirontocaris lamellicornis",NA,"Pleocyemata","Caridea","Spirontocaris lamellicornis"
"Chordata","Vertebrata","Chondrichthyes","Elasmobranchii","Squaliformes","Squalidae","Squalus","Squalus acanthias",NA,NA,NA,"Squalus acanthias"
"Chordata","Vertebrata","Actinopterygii","Neopterygii","Perciformes","Stichaeidae",NA,NA,"Teleostei","Zoarcoidei",NA,"Stichaeidae"
"Echinodermata","Echinozoa","Echinoidea","Euechinoidea","Echinoida","Strongylocentrotidae","Strongylocentrotus","Strongylocentrotus droebachiensis",NA,NA,NA,"Strongylocentrotus droebachiensis"
"Echinodermata","Echinozoa","Echinoidea","Euechinoidea","Echinoida","Strongylocentrotidae","Strongylocentrotus","Strongylocentrotus franciscanus",NA,NA,NA,"Strongylocentrotus franciscanus"
"Chordata","Urochordata","Ascidiacea",NA,"Pleurogona","Styelidae","Styela","Styela rustica",NA,"Stolidobranchia",NA,"Styela rustica"
"Echinodermata","Asterozoa","Asteroidea",NA,"Forcipulatida","Asteriidae","Stylasterias",NA,NA,NA,NA,"Stylasterias"
"Echinodermata","Asterozoa","Asteroidea",NA,"Forcipulatida","Asteriidae","Stylasterias","Stylasterias forreri",NA,NA,NA,"Stylasterias forreri"
"Porifera",NA,"Demospongiae",NA,"Hadromerida","Suberitidae","Suberites","Suberites ficus",NA,NA,NA,"Suberites ficus"
"Chordata","Urochordata","Ascidiacea",NA,"Enterogona","Polyclinidae","Synoicum",NA,NA,"Aplousobranchia",NA,"Synoicum"
"Arthropoda","Crustacea","Malacostraca","Eumalacostraca","Decapoda","Cheiragonidae","Telmessus","Telmessus cheiragonus",NA,"Pleocyemata","Brachyura","Telmessus cheiragonus"
"Mollusca",NA,"Cephalopoda","Coleoidea","Teuthida",NA,NA,NA,NA,NA,NA,"Teuthida"
"Chordata","Vertebrata","Actinopterygii","Neopterygii","Osmeriformes","Osmeridae","Thaleichthys","Thaleichthys pacificus","Teleostei","Osmeroidei",NA,"Thaleichthys pacificus"
"Arthropoda","Crustacea","Maxillopoda","Thecostraca",NA,NA,NA,NA,"Cirripedia",NA,NA,"Thoracica"
"Chordata","Vertebrata","Actinopterygii","Neopterygii","Perciformes","Trichodontidae","Trichodon","Trichodon trichodon","Teleostei","Trachinoidei",NA,"Trichodon trichodon"
"Chordata","Vertebrata","Actinopterygii","Neopterygii","Scorpaeniformes","Cottidae","Triglops",NA,"Teleostei","Cottoidei",NA,"Triglops"
NA,NA,NA,NA,NA,NA,NA,"Triglops forficata",NA,NA,NA,"Triglops forficata"
"Chordata","Vertebrata","Actinopterygii","Neopterygii","Scorpaeniformes","Cottidae","Triglops","Triglops macellus","Teleostei","Cottoidei",NA,"Triglops macellus"
NA,NA,NA,NA,NA,NA,NA,"Triglops pingeli",NA,NA,NA,"Triglops pingeli"
"Chordata","Vertebrata","Actinopterygii","Neopterygii","Scorpaeniformes","Cottidae","Triglops","Triglops scepticus","Teleostei","Cottoidei",NA,"Triglops scepticus"
"Cnidaria","Anthozoa","Anthozoa","Octocorallia","Pennatulacea","Virgulariidae",NA,NA,NA,"Subselliflorae",NA,"Virgulariidae"
"Mollusca",NA,"Gastropoda","Prosobranchia","Neogastropoda","Buccinidae","Volutopsius","Volutopsius fragilis",NA,NA,NA,"Volutopsius fragilis"
NA,NA,NA,NA,NA,NA,NA,"Volutopsius stefanssoni",NA,NA,NA,"Volutopsius stefanssoni"
"Mollusca",NA,"Bivalvia","Protobranchia","Nuculoida","Yoldiidae","Yoldia",NA,NA,NA,NA,"Yoldia"
"Chordata","Vertebrata","Actinopterygii","Neopterygii","Perciformes","Zaproridae","Zaprora","Zaprora silenus","Teleostei","Zoarcoidei",NA,"Zaprora silenus"
"Chordata","Vertebrata","Actinopterygii","Neopterygii","Perciformes","Zoarcidae",NA,NA,"Teleostei","Zoarcoidei",NA,"Zoarcidae"
